{
    "api_url": "https://calc.hashinsight.net/api/collector/upload",
    "api_key": "YOUR_API_KEY_HERE",
    "site_id": "site_001",
    "collection_interval": 60,
    "max_workers": 50,
    "timeout": 5,
    "retry_count": 3,
    "cache_enabled": true,
    "miners": [],
    "ip_ranges": [
        {
            "range": "192.168.1.1-192.168.1.254",
            "prefix": "MINER_",
            "type": "antminer"
        }
    ],
    "notes": {
        "zh": "请将 api_key 替换为从平台获取的真实密钥，ip_ranges 改为你矿场的实际IP范围",
        "en": "Replace api_key with your real key from the platform, and ip_ranges with your farm's actual IP range"
    }
}
